This is where you put your Options Contracts to upload them to TraderVault.,,,,,,,,
,,,,,,,,
IMPORTANT NOTES:,,,,,,,,
- Direction must be BUY or SELL.,,,,,,,,
- Type must be CALL or PUT.,,,,,,,,
- Premium/Share is the per-share premium (not per contract). One contract = 100 shares.,,,,,,,,
- Leave Close Date blank for open contracts — they will be added to your current positions.,,,,,,,,
- Fill in Close Date for expired or closed contracts — they will be added to your History.,,,,,,,,
- If you recorded open and close entries separately combine them into one row here.,,,,,,,,
- Use MM/DD/YYYY format for all dates.,,,,,,,,
,,,,,,,,
Ticker,# of Contracts,Buy/Sell,Put/Call,Strike Price,Premium/Share,Date Opened,Exp. Date,Close Date
AAPL,2,SELL,PUT,185.00,$3.50,01/15/2025,03/21/2025,
TSLA,1,BUY,CALL,250.00,$5.20,02/01/2025,04/17/2025,
MSFT,3,SELL,CALL,420.00,$2.10,11/05/2024,01/17/2025,01/17/2025
NVDA,2,SELL,PUT,110.00,$4.75,12/10/2024,02/21/2025,02/21/2025
